seq,timestamp,method,status,mime,size,url
12,"2026-01-13T05:02:22.150Z","GET",200,"application/javascript",0,"https://ssstik.io/js/script_ssstik.min.js?v=2025dec03.1"
13,"2026-01-13T05:02:22.246Z","GET",200,"text/javascript",3695,"chrome-extension://cjpalhdlnbpafiamejdnhcphjbkeiagm/web_accessible_resources/google-analytics_analytics.js?secret=xz55hz"
14,"2026-01-13T05:02:22.248Z","GET",200,"text/javascript",3694,"chrome-extension://cjpalhdlnbpafiamejdnhcphjbkeiagm/web_accessible_resources/googlesyndication_adsbygoogle.js?secret=xcskwf"
24,"2026-01-13T05:02:26.195Z","GET",200,"text/plain",381,"https://ssstik.io/cdn-cgi/trace"
25,"2026-01-13T05:02:26.253Z","POST",200,"text/html",3776,"https://ssstik.io/abc?url=dl"
