seq,timestamp,method,status,mime,size,url
1,"2026-01-14T16:21:07.665Z","GET",200,"text/javascript",0,"https://platform-api.sharethis.com/js/sharethis.js"
2,"2026-01-14T16:21:07.689Z","GET",200,"text/javascript",355,"https://buttons-config.sharethis.com/js/65a254f0d5091900122710fb.js"
3,"2026-01-14T16:21:07.708Z","GET",0,"",0,"https://l.sharethis.com/pview?event=pview&hostname=tikdownloader.io&location=%2Fid&product=sop&url=https%3A%2F%2Ftikdownloader.io%2Fid&source=sharethis.js&fcmp=false&fcmpv2=false&has_segmentio=false&title=Unduh%20video%20TikTok%20HD%20-%20Unduh%20TikTok%20tanpa%20tanda%20air%20%7C%20TikDownloader&refDomain=www.google.com&cms=unknown&publisher=65a254f0d5091900122710fb&sop=true&version=st_sop.js&lang=en&description=TikDownloader%3A%20Unduh%20video%20TikTok%20tanpa%20tanda%20air%20(Kualitas%20HD).%20Gunakan%20pengunduh%20TikTok%20untuk%20mengunduh%20video%20dari%20TikTok%20dengan%20mudah%20dan%20cepat.&ua=%22Chromium%22%3Bv%3D%22137%22%2C%20%22Not%2FA)Brand%22%3Bv%3D%2224%22&ua_mobile=true&ua_platform=Android&ua_full_version_list=%22Chromium%22%3Bv%3D%22137.0.7337.0%22%2C%20%22Not%2FA)Brand%22%3Bv%3D%2224.0.0.0%22&ua_model=M2012K11AG&ua_platform_version=13.0.0&uuid=7e56ba4f-28cc-4d08-a342-ca46bd562416"
11,"2026-01-14T16:21:07.885Z","GET",0,"",0,"https://count-server.sharethis.com/v2.0/get_counts?cb=window.__sharethis__.cb&url=https%3A%2F%2Ftikdownloader.io%2Fid"
12,"2026-01-14T16:21:10.022Z","POST",200,"application/json",3413,"https://tikdownloader.io/api/ajaxSearch"
25,"2026-01-14T16:21:40.989Z","GET",200,"application/javascript",0,"https://tikdownloader.io/cdn-cgi/scripts/7d0fa10a/cloudflare-static/rocket-loader.min.js"
26,"2026-01-14T16:21:41.084Z","GET",200,"application/javascript",321,"https://tikdownloader.io/pwa/pwa-app.js"
27,"2026-01-14T16:21:41.085Z","GET",200,"application/javascript",308,"https://tikdownloader.io/app/js/main.min.js?v=21"
30,"2026-01-14T16:21:41.141Z","GET",200,"text/javascript",3694,"chrome-extension://cjpalhdlnbpafiamejdnhcphjbkeiagm/web_accessible_resources/googlesyndication_adsbygoogle.js?secret=wg6kkj"
35,"2026-01-14T16:21:41.603Z","GET",200,"text/javascript",0,"https://platform-api.sharethis.com/js/sharethis.js"
36,"2026-01-14T16:21:41.634Z","GET",200,"text/javascript",0,"https://buttons-config.sharethis.com/js/65a254f0d5091900122710fb.js"
37,"2026-01-14T16:21:41.651Z","GET",0,"",0,"https://l.sharethis.com/pview?event=pview&hostname=tikdownloader.io&location=%2Fid&product=sop&url=https%3A%2F%2Ftikdownloader.io%2Fid&source=sharethis.js&fcmp=false&fcmpv2=false&has_segmentio=false&title=Unduh%20video%20TikTok%20HD%20-%20Unduh%20TikTok%20tanpa%20tanda%20air%20%7C%20TikDownloader&refDomain=www.google.com&cms=unknown&publisher=65a254f0d5091900122710fb&sop=true&version=st_sop.js&lang=en&description=TikDownloader%3A%20Unduh%20video%20TikTok%20tanpa%20tanda%20air%20(Kualitas%20HD).%20Gunakan%20pengunduh%20TikTok%20untuk%20mengunduh%20video%20dari%20TikTok%20dengan%20mudah%20dan%20cepat.&ua=%22Chromium%22%3Bv%3D%22137%22%2C%20%22Not%2FA)Brand%22%3Bv%3D%2224%22&ua_mobile=true&ua_platform=Android&ua_full_version_list=%22Chromium%22%3Bv%3D%22137.0.7337.0%22%2C%20%22Not%2FA)Brand%22%3Bv%3D%2224.0.0.0%22&ua_model=M2012K11AG&ua_platform_version=13.0.0&uuid=2b50df7c-39ec-42ce-95a1-46266419d2d7"
38,"2026-01-14T16:21:41.689Z","GET",0,"",0,"https://count-server.sharethis.com/v2.0/get_counts?cb=window.__sharethis__.cb&url=https%3A%2F%2Ftikdownloader.io%2Fid"
46,"2026-01-14T16:21:43.330Z","POST",200,"application/json",3376,"https://tikdownloader.io/api/ajaxSearch"
56,"2026-01-14T16:21:48.102Z","GET",200,"application/javascript",0,"https://tikdownloader.io/cdn-cgi/scripts/7d0fa10a/cloudflare-static/rocket-loader.min.js"
57,"2026-01-14T16:21:48.172Z","GET",200,"application/javascript",272,"https://tikdownloader.io/pwa/pwa-app.js"
58,"2026-01-14T16:21:48.173Z","GET",200,"application/javascript",266,"https://tikdownloader.io/app/js/main.min.js?v=21"
61,"2026-01-14T16:21:48.211Z","GET",200,"text/javascript",3694,"chrome-extension://cjpalhdlnbpafiamejdnhcphjbkeiagm/web_accessible_resources/googlesyndication_adsbygoogle.js?secret=cnm2sg"
66,"2026-01-14T16:21:49.080Z","GET",200,"text/javascript",0,"https://platform-api.sharethis.com/js/sharethis.js"
67,"2026-01-14T16:21:49.094Z","GET",200,"text/javascript",0,"https://buttons-config.sharethis.com/js/65a254f0d5091900122710fb.js"
68,"2026-01-14T16:21:49.114Z","GET",0,"",0,"https://l.sharethis.com/pview?event=pview&hostname=tikdownloader.io&location=%2Fid&product=sop&url=https%3A%2F%2Ftikdownloader.io%2Fid&source=sharethis.js&fcmp=false&fcmpv2=false&has_segmentio=false&title=Unduh%20video%20TikTok%20HD%20-%20Unduh%20TikTok%20tanpa%20tanda%20air%20%7C%20TikDownloader&refDomain=www.google.com&cms=unknown&publisher=65a254f0d5091900122710fb&sop=true&version=st_sop.js&lang=en&description=TikDownloader%3A%20Unduh%20video%20TikTok%20tanpa%20tanda%20air%20(Kualitas%20HD).%20Gunakan%20pengunduh%20TikTok%20untuk%20mengunduh%20video%20dari%20TikTok%20dengan%20mudah%20dan%20cepat.&ua=%22Chromium%22%3Bv%3D%22137%22%2C%20%22Not%2FA)Brand%22%3Bv%3D%2224%22&ua_mobile=true&ua_platform=Android&ua_full_version_list=%22Chromium%22%3Bv%3D%22137.0.7337.0%22%2C%20%22Not%2FA)Brand%22%3Bv%3D%2224.0.0.0%22&ua_model=M2012K11AG&ua_platform_version=13.0.0&uuid=1837afa0-7c89-4bef-bd12-c4098641f9f1"
76,"2026-01-14T16:21:49.151Z","GET",0,"",0,"https://count-server.sharethis.com/v2.0/get_counts?cb=window.__sharethis__.cb&url=https%3A%2F%2Ftikdownloader.io%2Fid"
77,"2026-01-14T16:22:12.759Z","POST",200,"application/json",3444,"https://tikdownloader.io/api/ajaxSearch"
